0.410290237467018,0.465078114743337,0.177862595419847,0.415151515151515,0.656962025316456,0.200628930817610
0.604485488126649,0.306275436523566,0.683206106870229,0.584848484848485,0.393670886075949,0.416981132075472
0.648812664907652,0.308586057502954,0.702944383860414,0.463636363636364,0.363291139240506,0.457232704402516
0.760686015831135,0.466023368780360,0.842966194111232,0.366666666666665,0.150632911392405,0.784276729559748
0.574934036939314,0.735840882237101,0.877426390403490,0.463636363636364,0.322784810126582,0.688679245283019
0.720580474934037,0.299028488906394,0.855943293347874,0.390909090909092,0.150632911392405,0.658490566037736
0.283641160949868,0.216266246553761,0.282006543075245,0.754545454545456,0.444303797468354,0.165408805031447
0.498944591029024,0.350282263358278,0.509596510359869,0.487878787878787,0.484810126582279,0.291194968553459
0.448284960422164,0.449323880792963,0.702617230098146,0.221212121212121,0.474683544303797,0.361635220125786
0.327968337730871,0.316778259157148,0.400981461286805,0.536363636363636,0.535443037974684,0.190566037735849
0.821899736147757,0.454050150978075,0.851908396946565,0.318181818181820,0.181012658227848,0.829559748427673
0.505277044854881,0.557397925692530,0.716575790621592,0.415151515151515,0.373417721518987,0.477358490566038
0.437730870712401,0.245464093475121,0.365539803707743,0.560606060606062,0.363291139240506,0.230817610062893
0.619261213720317,0.291361428383878,0.473064340239913,0.390909090909092,0.302531645569620,0.361635220125786
0.714248021108180,0.450689247735329,0.690621592148310,0.463636363636364,0.221518987341772,0.638364779874214
0.401846965699209,0.242103190232375,0.427917121046892,0.609090909090908,0.251898734177215,0.271069182389937
0.410290237467018,0.342090061704083,0.509923664122138,0.415151515151515,0.515189873417721,0.266037735849057
0.387071240105541,0.255966916108704,0.302181025081788,0.487878787878787,0.626582278481013,0.170440251572327
0.657255936675462,0.463187606669292,0.675027262813522,0.342424242424243,0.272151898734177,0.557861635220126
0.627704485488127,0.263633976631220,0.651145038167939,0.463636363636364,0.191139240506329,0.472327044025157
0.777572559366755,0.411933832217409,0.700218102508179,0.293939393939393,0.231645569620253,0.663522012578616
0.319525065963061,0.198621504529342,0.294656488549618,0.681818181818184,0.505063291139241,0.160377358490566
0.802902374670185,0.355533674675069,0.845365321701200,0.293939393939393,0.201265822784810,0.744025157232704
0.439841688654354,0.444072469476172,0.330098146128680,0.439393939393941,0.484810126582279,0.266037735849057
0.585488126649077,0.275607194433504,0.743947655398037,0.463636363636364,0.272151898734177,0.462264150943396
0.737467018469657,0.522948667454378,0.759541984732825,0.342424242424243,0.211392405063291,0.723899371069182
0.501055408970976,0.499527372981489,0.604907306434024,0.536363636363636,0.434177215189873,0.386792452830189
0.587598944591029,0.269410529079690,0.233805888767721,0.439393939393941,0.484810126582279,0.220754716981132
0.460949868073879,0.286110017067087,0.442857142857143,0.536363636363636,0.525316455696203,0.240880503144654
0.224538258575198,0.155034790599974,0.190839694656489,0.584848484848485,0.788607594936709,0.110062893081761
0.617150395778364,0.663686490744388,0.871973827699019,0.390909090909092,0.272151898734177,0.718867924528302
0.317414248021108,0.250295391886570,0.305234460196292,0.560606060606062,0.636708860759494,0.150314465408805
0.750131926121372,0.435460154916634,0.681570338058888,0.366666666666665,0.302531645569620,0.608176100628931
0.218205804749340,0.188118681895760,0.155398037077426,0.730303030303029,0.829113924050633,0.105031446540881
0.857783641160950,0.394709203098333,0.784187568157034,0.366666666666665,0.211392405063291,0.764150943396226
0.441952506596306,0.348811868189576,0.478080697928026,0.487878787878787,0.596202531645570,0.245911949685535
0.724802110817942,0.465078114743337,0.663358778625954,0.390909090909092,0.251898734177215,0.623270440251572
0.661477572559367,0.626821583300512,0.854961832061069,0.269696969696971,0.262025316455696,0.718867924528302
0.505277044854881,0.303334646186163,0.660305343511450,0.487878787878787,0.322784810126582,0.386792452830189
0.351187335092348,0.355533674675069,0.374809160305344,0.609090909090908,0.667088607594937,0.190566037735849
0.735356200527705,0.473690429302875,0.801090512540894,0.366666666666665,0.221518987341772,0.703773584905660
0.859894459102902,0.389982932913220,0.757033805888768,0.342424242424243,0.231645569620253,0.733962264150943
0.581266490765172,0.549730865170014,0.863358778625954,0.463636363636364,0.272151898734177,0.613207547169811
0.739577836411610,0.402901404752527,0.829661941112323,0.342424242424243,0.221518987341772,0.698742138364780
0.397625329815304,0.349757122226598,0.437186477644493,0.463636363636364,0.565822784810127,0.225786163522013
0.589709762532982,0.451214388867008,0.626935659760087,0.269696969696971,0.363291139240506,0.457232704402516
0.834564643799472,0.379480110279638,0.789531079607416,0.221212121212121,0.251898734177215,0.728930817610063
0.294195250659631,0.686162531180255,0.196292257360960,0.390909090909092,0.312658227848101,0.281132075471698
0.319525065963061,0.324445319679664,0.193456924754635,0.584848484848485,0.717721518987342,0.140251572327044
0.678364116094987,0.605710909807011,0.862486368593239,0.415151515151515,0.191139240506329,0.784276729559748
0.378627968337731,0.464658001837994,0.192693565976009,0.463636363636364,0.737974683544304,0.145283018867925
0.596042216358839,0.402901404752527,0.664667393675027,0.463636363636364,0.322784810126582,0.472327044025157
0.308970976253298,0.191374556912170,0.307742639040349,0.657575757575757,0.505063291139241,0.160377358490566
0.530606860158311,0.298608376001050,0.635114503816794,0.415151515151515,0.434177215189873,0.351572327044025
0.317414248021108,0.228239464356046,0.255834242093784,0.463636363636364,0.687341772151899,0.145283018867925
0.648812664907652,0.577983458054352,0.858342420937841,0.342424242424243,0.292405063291139,0.693710691823899
0.319525065963061,0.417710384665879,0.189203925845147,0.415151515151515,0.677215189873418,0.150314465408805
0.707915567282322,0.442076933175791,0.599672846237732,0.415151515151515,0.241772151898734,0.562893081761006
0.619261213720317,0.248824996717868,0.532170119956380,0.439393939393941,0.322784810126582,0.371698113207547
0.498944591029024,0.325810686622030,0.538386041439477,0.633333333333334,0.454430379746835,0.301257861635220
0.606596306068602,0.389457791781541,0.769901853871320,0.415151515151515,0.282278481012658,0.542767295597484
0.300527704485488,0.314887751083104,0.195637949836423,0.754545454545456,0.737974683544304,0.140251572327044
0.612928759894459,0.427793094394118,0.435441657579062,0.366666666666665,0.170886075949367,0.452201257861635
0.653034300791557,0.426322699225417,0.525190839694657,0.415151515151515,0.343037974683544,0.442138364779874
0.397625329815304,0.286635158198766,0.467502726281352,0.657575757575757,0.282278481012658,0.281132075471698
0.644591029023747,0.384206380464750,0.488549618320611,0.390909090909092,0.272151898734177,0.427044025157233
0.482058047493404,0.253131153997637,0.362595419847328,0.536363636363636,0.494936708860760,0.235849056603774
0.585488126649077,0.588486280687935,0.794111232279171,0.512121212121213,0.363291139240506,0.583018867924528
0.534828496042216,0.347866614152553,0.676990185387132,0.536363636363636,0.444303797468354,0.396855345911950
0.779683377308707,0.417290271760536,0.566194111232279,0.293939393939393,0.353164556962025,0.552830188679245
0.811345646437995,0.381370618353683,0.868920392584515,0.245454545454544,0.201265822784810,0.774213836477987
0.815567282321900,0.396704739398713,0.669029443838604,0.342424242424243,0.211392405063291,0.678616352201258
0.564379947229551,0.254076408034659,0.734460196292257,0.487878787878787,0.373417721518987,0.411949685534591
0.809234828496042,0.314887751083104,0.574700109051254,0.366666666666665,0.292405063291139,0.552830188679245
0.237203166226913,0.189063935932782,0.114285714285714,0.681818181818184,0.900000000000000,0.100000000000000
0.539050131926122,0.271826178285414,0.764122137404580,0.560606060606062,0.353164556962025,0.432075471698113
0.427176781002639,0.319614021268216,0.561613958560524,0.536363636363636,0.606329113924051,0.255974842767296
0.484168865435356,0.368452146514376,0.648309705561614,0.463636363636364,0.262025316455696,0.422012578616352
0.340633245382586,0.422016541945648,0.190948745910578,0.560606060606062,0.687341772151899,0.160377358490566
0.458839050131926,0.757896809767625,0.676008724100327,0.536363636363636,0.403797468354430,0.472327044025157
0.579155672823219,0.384731521596429,0.581352235550709,0.366666666666665,0.282278481012658,0.442138364779874
0.598153034300792,0.538807929631088,0.779607415485278,0.439393939393941,0.262025316455696,0.608176100628931
0.748021108179420,0.449323880792963,0.769683751363141,0.318181818181820,0.201265822784810,0.703773584905660
0.606596306068602,0.334948142313247,0.646019629225736,0.342424242424243,0.191139240506329,0.497484276729560
0.741688654353562,0.506249179466982,0.821483097055616,0.390909090909092,0.302531645569620,0.718867924528302
0.646701846965699,0.600039385584876,0.765866957470011,0.342424242424243,0.241772151898734,0.648427672955975
0.722691292875989,0.462662465537613,0.677644492911669,0.439393939393941,0.221518987341772,0.638364779874214
0.412401055408971,0.466968622817382,0.425081788440567,0.415151515151515,0.626582278481013,0.220754716981132
0.361741424802111,0.456465800183799,0.314285714285714,0.487878787878787,0.667088607594937,0.185534591194969
0.593931398416886,0.355533674675069,0.798146128680480,0.487878787878787,0.251898734177215,0.552830188679245
0.612928759894459,0.367506892477353,0.609051254089422,0.463636363636364,0.262025316455696,0.462264150943396
0.511609498680739,0.232125508730471,0.386259541984733,0.366666666666665,0.413924050632911,0.266037735849057
0.473614775725594,0.247354601549166,0.481788440567067,0.560606060606062,0.545569620253165,0.240880503144654
0.425065963060686,0.589956675856636,0.603707742639040,0.366666666666665,0.373417721518987,0.386792452830189
0.659366754617414,0.398595247472758,0.612977099236641,0.439393939393941,0.302531645569620,0.497484276729560
0.378627968337731,0.201037153735066,0.385387131952017,0.560606060606062,0.413924050632911,0.200628930817610
0.851451187335092,0.430208743599842,0.646564885496183,0.342424242424243,0.302531645569620,0.688679245283019
0.534828496042216,0.811461205198897,0.880479825517994,0.536363636363636,0.292405063291139,0.688679245283019
0.705804749340369,0.515281606931863,0.860087241003272,0.439393939393941,0.292405063291139,0.713836477987421
0.663588390501319,0.350702376263621,0.673282442748092,0.366666666666665,0.231645569620253,0.532704402515723
0.739577836411610,0.316778259157148,0.819738276990185,0.318181818181820,0.241772151898734,0.648427672955975
0.397625329815304,0.483773139031115,0.268484187568157,0.463636363636364,0.565822784810127,0.215723270440252
0.644591029023747,0.329696730996455,0.497600872410033,0.439393939393941,0.262025316455696,0.416981132075472
0.327968337730871,0.172784560850729,0.314721919302072,0.584848484848485,0.403797468354430,0.175471698113208
0.220316622691293,0.172784560850729,0.212868047982552,0.415151515151515,0.798734177215190,0.115094339622642
0.131662269129288,0.480832348693711,0.290512540894220,0.487878787878787,0.575949367088608,0.170440251572327
0.646701846965699,0.351647630300643,0.835223555070883,0.318181818181820,0.140506329113924,0.638364779874214
0.260422163588391,0.277497702507549,0.251799345692475,0.706060606060607,0.606329113924051,0.145283018867925
0.534828496042216,0.186648286727058,0.466630316248637,0.439393939393941,0.201265822784810,0.321383647798742
0.298416886543536,0.266574766968623,0.290621592148310,0.609090909090908,0.484810126582279,0.165408805031447
0.482058047493404,0.211539976368649,0.389858233369684,0.560606060606062,0.272151898734177,0.271069182389937
0.560158311345646,0.304805041354864,0.401308615049073,0.512121212121213,0.565822784810127,0.250943396226415
0.691029023746702,0.372233162662466,0.727808069792803,0.463636363636364,0.332911392405063,0.552830188679245
0.824010554089710,0.393763949061310,0.772300981461287,0.269696969696971,0.191139240506329,0.749056603773585
0.501055408970976,0.316253118025469,0.348964013086151,0.342424242424243,0.525316455696203,0.250943396226415
0.817678100263852,0.529250361034528,0.835223555070883,0.318181818181820,0.231645569620253,0.844654088050314
0.422955145118734,0.219207036891165,0.396292257360960,0.681818181818184,0.181012658227848,0.281132075471698
0.623482849604222,0.489969804384928,0.755070883315158,0.366666666666665,0.393670886075949,0.537735849056604
0.444063324538259,0.351227517395300,0.418102508178844,0.439393939393941,0.201265822784810,0.331446540880503
0.764907651715040,0.380425364316660,0.831952017448201,0.390909090909092,0.201265822784810,0.713836477987421
0.389182058047493,0.451214388867008,0.308615049073064,0.609090909090908,0.494936708860760,0.215723270440252
0.705804749340369,0.487554155179204,0.854852780806979,0.269696969696971,0.201265822784810,0.718867924528302
0.672031662269129,0.428738348431141,0.784405670665213,0.269696969696971,0.262025316455696,0.598113207547170
0.676253298153034,0.350702376263621,0.641003271537623,0.415151515151515,0.241772151898734,0.522641509433962
0.695250659630607,0.377064461073914,0.706324972737187,0.318181818181820,0.201265822784810,0.593081761006289
0.475725593667546,0.299973742943416,0.742857142857143,0.560606060606062,0.454430379746835,0.376729559748428
0.612928759894459,0.308586057502954,0.517775354416576,0.487878787878787,0.332911392405063,0.376729559748428
0.539050131926122,0.239792569252987,0.354307524536532,0.439393939393941,0.454430379746835,0.245911949685535
0.642480211081794,0.436825521859000,0.777535441657579,0.366666666666665,0.332911392405063,0.562893081761006
0.361741424802111,0.361310227123539,0.438386041439477,0.536363636363636,0.505063291139241,0.225786163522013
0.454617414248021,0.456465800183799,0.351799345692476,0.487878787878787,0.758227848101266,0.195597484276730
0.636147757255937,0.342090061704083,0.597273718647765,0.415151515151515,0.393670886075949,0.432075471698113
0.631926121372032,0.421071287908625,0.779716466739368,0.390909090909092,0.312658227848101,0.567924528301887
0.391292875989446,0.374648811868190,0.161941112322792,0.487878787878787,0.656962025316456,0.165408805031447
0.646701846965699,0.567480635420769,0.794111232279171,0.366666666666665,0.332911392405063,0.643396226415094
0.874670184696570,0.448378626755941,0.675899672846238,0.342424242424243,0.231645569620253,0.733962264150943
0.676253298153034,0.437770775896022,0.751035986913850,0.463636363636364,0.353164556962025,0.567924528301887
0.235092348284960,0.311946960745700,0.171428571428571,0.730303030303029,0.748101265822785,0.125157232704403
0.764907651715040,0.490494945516608,0.841221374045802,0.269696969696971,0.241772151898734,0.744025157232704
0.743799472295515,0.550781147433373,0.850817884405671,0.439393939393941,0.231645569620253,0.789308176100629
0.777572559366755,0.458356308257844,0.748636859323882,0.269696969696971,0.231645569620253,0.713836477987421
0.707915567282322,0.459301562294867,0.791930207197383,0.415151515151515,0.343037974683544,0.628301886792453
0.408179419525066,0.262688722594197,0.216902944383860,0.415151515151515,0.626582278481013,0.155345911949686
0.745910290237467,0.414874622554812,0.671210468920393,0.390909090909092,0.302531645569620,0.588050314465409
0.340633245382586,0.258382565314428,0.303816793893130,0.633333333333334,0.525316455696203,0.165408805031447
0.528496042216359,0.401956150715505,0.288985823336968,0.415151515151515,0.312658227848101,0.326415094339623
0.701583113456464,0.378009715110936,0.691821155943293,0.415151515151515,0.201265822784810,0.598113207547170
0.338522427440633,0.142641459892346,0.309051254089422,0.681818181818184,0.444303797468354,0.170440251572327
0.241424802110818,0.337363791518971,0.299672846237732,0.390909090909092,0.596202531645570,0.160377358490566
0.517941952506596,0.302914533280819,0.677317339149400,0.390909090909092,0.343037974683544,0.391823899371069
0.743799472295515,0.443127215439149,0.800654307524537,0.293939393939393,0.262025316455696,0.693710691823899
0.743799472295515,0.500997768150190,0.841003271537623,0.366666666666665,0.150632911392405,0.794339622641509
0.507387862796834,0.715780491006958,0.695092693565976,0.633333333333334,0.454430379746835,0.462264150943396
0.262532981530343,0.508664828672706,0.182006543075245,0.463636363636364,0.424050632911392,0.215723270440252
0.783905013192612,0.434514900879611,0.810250817884406,0.390909090909092,0.272151898734177,0.703773584905660
0.684696569920844,0.429158461336484,0.791712104689204,0.342424242424243,0.282278481012658,0.628301886792453
0.777572559366755,0.393343836155967,0.746892039258451,0.293939393939393,0.211392405063291,0.678616352201258
0.534828496042216,0.487554155179204,0.661832061068702,0.439393939393941,0.353164556962025,0.452201257861635
0.330079155672823,0.223933307076277,0.457688113413304,0.706060606060607,0.413924050632911,0.215723270440252
0.441952506596306,0.299028488906394,0.321374045801527,0.560606060606062,0.616455696202532,0.200628930817610
0.636147757255937,0.322029670473940,0.536095965103599,0.487878787878787,0.292405063291139,0.411949685534591
0.678364116094987,0.393343836155967,0.603053435114504,0.318181818181820,0.312658227848101,0.502515723270440
0.758575197889182,0.359839831954838,0.676990185387132,0.342424242424243,0.221518987341772,0.603144654088050
0.701583113456464,0.478941840619667,0.718102508178844,0.366666666666665,0.221518987341772,0.648427672955975
0.336411609498681,0.249770250754890,0.340130861504907,0.681818181818184,0.424050632911392,0.185534591194969
0.553825857519789,0.402376263620848,0.831624863685932,0.318181818181820,0.413924050632911,0.492452830188679
0.684696569920844,0.407207562032296,0.839258451472192,0.318181818181820,0.251898734177215,0.663522012578616
0.471503957783641,0.557397925692530,0.188876772082879,0.439393939393941,0.596202531645570,0.230817610062893
0.777572559366755,0.424852304056715,0.802508178844057,0.342424242424243,0.292405063291139,0.683647798742138
0.281530343007916,0.255966916108704,0.342420937840785,0.633333333333334,0.656962025316456,0.145283018867925
0.216094986807388,0.211539976368649,0.212649945474373,0.657575757575757,0.788607594936709,0.115094339622642
0.376517150395778,0.510555336746751,0.362377317339149,0.536363636363636,0.565822784810127,0.215723270440252
0.311081794195251,0.298608376001050,0.423773173391494,0.536363636363636,0.525316455696203,0.200628930817610
0.378627968337731,0.284219508993042,0.329443838604144,0.536363636363636,0.586075949367089,0.180503144654088
0.313192612137203,0.313942497046081,0.279062159214831,0.657575757575757,0.636708860759494,0.155345911949686
0.353298153034301,0.233070762767494,0.213631406761178,0.536363636363636,0.829113924050633,0.115094339622642
0.249868073878628,0.221517657870553,0.296183206106870,0.778787878787879,0.626582278481013,0.140251572327044
0.454617414248021,0.479466981751346,0.209051254089422,0.584848484848485,0.717721518987342,0.170440251572327
0.638258575197889,0.361310227123539,0.583097055616140,0.415151515151515,0.403797468354430,0.422012578616352
0.646701846965699,0.448378626755941,0.740130861504907,0.318181818181820,0.393670886075949,0.532704402515723
0.363852242744063,0.246409347512144,0.372519083969466,0.536363636363636,0.545569620253165,0.190566037735849
0.754353562005277,0.366036497308652,0.657251908396947,0.366666666666665,0.160759493670886,0.613207547169811
0.503166226912929,0.424852304056715,0.828789531079608,0.512121212121213,0.343037974683544,0.492452830188679
0.691029023746702,0.303334646186163,0.752126499454744,0.415151515151515,0.302531645569620,0.547798742138365
0.300527704485488,0.510030195615072,0.282006543075245,0.463636363636364,0.616455696202532,0.185534591194969
0.720580474934037,0.417290271760536,0.721810250817884,0.342424242424243,0.262025316455696,0.613207547169811
0.638258575197889,0.329171589864776,0.660087241003272,0.342424242424243,0.262025316455696,0.492452830188679
0.566490765171504,0.449323880792963,0.569356597600873,0.245454545454544,0.373417721518987,0.427044025157233
0.558047493403694,0.315833005120126,0.444492911668484,0.366666666666665,0.322784810126582,0.331446540880503
0.507387862796834,0.418655638702901,0.486695747001091,0.390909090909092,0.403797468354430,0.351572327044025
0.389182058047493,0.394709203098333,0.256379498364231,0.512121212121213,0.646835443037975,0.185534591194969
0.220316622691293,0.259327819351451,0.319083969465649,0.536363636363636,0.454430379746835,0.160377358490566
0.783905013192612,0.471799921228830,0.807742639040349,0.342424242424243,0.251898734177215,0.723899371069182
0.368073878627968,0.257017198372062,0.354089422028353,0.584848484848485,0.545569620253165,0.185534591194969
0.553825857519789,0.556977812787187,0.706870229007634,0.415151515151515,0.424050632911392,0.487421383647799
0.226649076517150,0.275607194433504,0.140458015267176,0.584848484848485,0.758227848101266,0.130188679245283
0.304749340369393,0.316253118025469,0.343947655398037,0.657575757575757,0.353164556962025,0.215723270440252
0.572823218997362,0.246409347512144,0.829661941112323,0.318181818181820,0.201265822784810,0.512578616352201
0.439841688654354,0.514861494026520,0.464122137404580,0.560606060606062,0.545569620253165,0.271069182389937
0.672031662269129,0.616738873572273,0.892039258451472,0.342424242424243,0.272151898734177,0.759119496855346
0.564379947229551,0.533031377182618,0.844601962922574,0.342424242424243,0.262025316455696,0.608176100628931
0.672031662269129,0.362255481160562,0.751363140676118,0.390909090909092,0.282278481012658,0.567924528301887
0.520052770448549,0.414874622554812,0.628571428571429,0.390909090909092,0.272151898734177,0.427044025157233
0.425065963060686,0.276132335565183,0.447873500545256,0.584848484848485,0.444303797468354,0.240880503144654
0.454617414248021,0.391873440987265,0.400545256270447,0.463636363636364,0.545569620253165,0.250943396226415
0.703693931398417,0.396179598267034,0.682442748091603,0.342424242424243,0.181012658227848,0.603144654088050
0.703693931398417,0.629657345411579,0.846128680479825,0.415151515151515,0.160759493670886,0.824528301886792
0.433509234828496,0.315307863988447,0.299018538713195,0.463636363636364,0.535443037974684,0.205660377358491
0.302638522427441,0.288525666272811,0.100000000000000,0.609090909090908,0.798734177215190,0.120125786163522
0.431398416886544,0.293356964684259,0.449291166848419,0.584848484848485,0.353164556962025,0.266037735849057
0.619261213720317,0.359839831954838,0.746455834242094,0.512121212121213,0.150632911392405,0.567924528301887
0.741688654353562,0.394709203098333,0.759978189749182,0.390909090909092,0.251898734177215,0.643396226415094
0.589709762532982,0.616318760666929,0.826935659760087,0.366666666666665,0.201265822784810,0.673584905660377
0.724802110817942,0.392818695024288,0.818865866957470,0.342424242424243,0.191139240506329,0.688679245283019
0.534828496042216,0.310056452671655,0.408833151581243,0.463636363636364,0.363291139240506,0.311320754716981
0.638258575197889,0.338729158461336,0.653762268266085,0.342424242424243,0.312658227848101,0.477358490566038
0.631926121372032,0.323500065642641,0.588985823336968,0.487878787878787,0.302531645569620,0.442138364779874
0.771240105540897,0.366036497308652,0.775027262813523,0.366666666666665,0.181012658227848,0.683647798742138
0.414511873350924,0.326860968885388,0.339367502726281,0.512121212121213,0.525316455696203,0.205660377358491
0.716358839050132,0.293356964684259,0.682442748091603,0.366666666666665,0.221518987341772,0.547798742138365
0.412401055408971,0.361730340028883,0.361395856052345,0.560606060606062,0.677215189873418,0.195597484276730
0.325857519788918,0.505303925429959,0.346564885496183,0.318181818181820,0.727848101265823,0.195597484276730
0.900000000000000,0.413929368517789,0.751581243184297,0.342424242424243,0.181012658227848,0.789308176100629
0.674142480211082,0.368452146514376,0.640130861504907,0.390909090909092,0.241772151898734,0.532704402515723
0.344854881266491,0.207653931994223,0.198473282442748,0.512121212121213,0.758227848101266,0.130188679245283
0.615039577836412,0.407627674937640,0.755507088331516,0.415151515151515,0.383544303797468,0.517610062893082
0.604485488126649,0.351647630300643,0.498037077426390,0.318181818181820,0.211392405063291,0.437106918238994
0.733245382585752,0.431153997636865,0.758887677208288,0.342424242424243,0.262025316455696,0.653459119496855
0.228759894459103,0.323920178547985,0.184950926935660,0.512121212121213,0.849367088607595,0.110062893081761
0.750131926121372,0.409098070106341,0.711014176663032,0.390909090909092,0.262025316455696,0.643396226415094
0.325857519788918,0.506249179466982,0.220610687022901,0.536363636363636,0.677215189873418,0.165408805031447
0.741688654353562,0.621570171983721,0.892475463467830,0.366666666666665,0.170886075949367,0.884905660377359
0.688918205804749,0.465603255875016,0.847328244274809,0.342424242424243,0.251898734177215,0.678616352201258
0.619261213720317,0.416765130628856,0.320828789531080,0.269696969696971,0.474683544303797,0.296226415094340
0.615039577836412,0.436825521859000,0.848854961832061,0.415151515151515,0.292405063291139,0.603144654088050
0.718469656992084,0.367927005382697,0.746782988004362,0.415151515151515,0.272151898734177,0.603144654088050
0.631926121372032,0.343035315741105,0.594438386041440,0.366666666666665,0.272151898734177,0.457232704402516
0.640369393139842,0.365091243271629,0.873282442748092,0.366666666666665,0.332911392405063,0.603144654088050
0.593931398416886,0.293356964684259,0.505452562704471,0.366666666666665,0.221518987341772,0.391823899371069
0.414511873350924,0.319193908362873,0.560196292257361,0.609090909090908,0.454430379746835,0.281132075471698
0.315303430079156,0.491860312458973,0.340894220283533,0.560606060606062,0.535443037974684,0.205660377358491
0.688918205804749,0.384206380464750,0.575681570338059,0.390909090909092,0.211392405063291,0.517610062893082
0.306860158311346,0.294722331626625,0.333042529989095,0.706060606060607,0.555696202531646,0.170440251572327
0.716358839050132,0.376119207036891,0.852017448200654,0.415151515151515,0.201265822784810,0.688679245283019
0.682585751978892,0.481357489825391,0.395965103598691,0.342424242424243,0.292405063291139,0.452201257861635
0.585488126649077,0.572732046737561,0.730970556161396,0.415151515151515,0.363291139240506,0.557861635220126
0.598153034300792,0.421596429040305,0.507415485278081,0.390909090909092,0.403797468354430,0.386792452830189
0.294195250659631,0.234436129709860,0.335223555070883,0.463636363636364,0.565822784810127,0.160377358490566
0.403957783641161,0.239267428121308,0.277426390403490,0.487878787878787,0.586075949367089,0.175471698113208
0.623482849604222,0.451214388867008,0.753762268266085,0.390909090909092,0.191139240506329,0.572955974842767
0.819788918205805,0.468439017986084,0.782988004362050,0.245454545454544,0.211392405063291,0.759119496855346
0.361741424802111,0.191899698043849,0.343838604143948,0.487878787878787,0.464556962025316,0.185534591194969
0.659366754617414,0.439241171064724,0.728135223555071,0.487878787878787,0.322784810126582,0.557861635220126
0.357519788918206,0.203347774714455,0.294002181025082,0.584848484848485,0.535443037974684,0.165408805031447
0.615039577836412,0.515281606931863,0.858124318429662,0.439393939393941,0.383544303797468,0.613207547169811
0.691029023746702,0.565064986215045,0.886041439476554,0.293939393939393,0.160759493670886,0.809433962264151
0.617150395778364,0.556032558750164,0.880370774263904,0.487878787878787,0.353164556962025,0.643396226415094
0.243535620052770,0.306275436523566,0.189531079607415,0.415151515151515,0.778481012658228,0.115094339622642
0.697361477572559,0.410988578180386,0.767938931297710,0.342424242424243,0.282278481012658,0.608176100628931
0.691029023746702,0.372758303794145,0.817775354416576,0.390909090909092,0.191139240506329,0.658490566037736
0.621372031662269,0.451214388867008,0.579498364231189,0.390909090909092,0.393670886075949,0.452201257861635
0.336411609498681,0.189484048838125,0.320719738276990,0.560606060606062,0.343037974683544,0.190566037735849
0.526385224274406,0.398595247472758,0.514503816793893,0.318181818181820,0.454430379746835,0.336477987421384
0.788126649076517,0.437350662990679,0.624209378407852,0.342424242424243,0.120253164556962,0.688679245283019
0.224538258575198,0.178981226204542,0.231188658669575,0.778787878787879,0.687341772151899,0.125157232704403
0.773350923482850,0.510975449652094,0.801090512540894,0.342424242424243,0.160759493670886,0.784276729559748
0.560158311345646,0.264579230668242,0.529880043620502,0.415151515151515,0.444303797468354,0.321383647798742
0.572823218997362,0.433989759747932,0.812977099236641,0.415151515151515,0.282278481012658,0.557861635220126
0.454617414248021,0.389982932913220,0.360850599781897,0.487878787878787,0.606329113924051,0.225786163522013
0.368073878627968,0.254601549166338,0.322682660850600,0.609090909090908,0.596202531645570,0.165408805031447
0.543271767810026,0.488079296310884,0.838495092693566,0.415151515151515,0.464556962025316,0.502515723270440
0.587598944591029,0.379900223184981,0.546782988004362,0.390909090909092,0.383544303797468,0.396855345911950
0.731134564643800,0.564644873309702,0.835877862595420,0.463636363636364,0.241772151898734,0.774213836477987
0.600263852242744,0.396704739398713,0.694002181025082,0.318181818181820,0.363291139240506,0.482389937106918
0.648812664907652,0.569896284626493,0.845583424209378,0.415151515151515,0.353164556962025,0.658490566037736
0.773350923482850,0.504358671392937,0.739476553980371,0.390909090909092,0.221518987341772,0.744025157232704
0.317414248021108,0.274661940396482,0.203489640130862,0.657575757575757,0.818987341772152,0.120125786163522
0.488390501319261,0.337363791518971,0.658778625954199,0.609090909090908,0.464556962025316,0.351572327044025
0.577044854881267,0.248404883812525,0.451799345692476,0.633333333333334,0.474683544303797,0.286163522012579
0.543271767810026,0.411933832217409,0.228135223555071,0.463636363636364,0.596202531645570,0.240880503144654
0.729023746701847,0.400485755546803,0.711995637949836,0.342424242424243,0.343037974683544,0.577987421383648
0.722691292875989,0.320559275305238,0.540348964013086,0.366666666666665,0.160759493670886,0.507547169811321
0.273087071240106,0.254076408034659,0.296837513631407,0.584848484848485,0.565822784810127,0.150314465408805
0.216094986807388,0.261218327425496,0.185496183206107,0.681818181818184,0.656962025316456,0.130188679245283
0.393403693931398,0.227294210319023,0.360196292257361,0.706060606060607,0.545569620253165,0.190566037735849
0.429287598944591,0.277077589602206,0.316684841875682,0.415151515151515,0.606329113924051,0.185534591194969
0.684696569920844,0.815347249573323,0.870665212649945,0.415151515151515,0.343037974683544,0.799371069182390
0.275197889182058,0.404371799921229,0.331733914940022,0.512121212121213,0.677215189873418,0.170440251572327
0.811345646437995,0.355953787580412,0.616030534351145,0.269696969696971,0.211392405063291,0.618238993710692
0.387071240105541,0.252711041092294,0.270229007633588,0.536363636363636,0.748101265822785,0.140251572327044
0.313192612137203,0.170894052776684,0.269574700109051,0.536363636363636,0.677215189873418,0.135220125786164
0.429287598944591,0.373703557831167,0.176881134133043,0.439393939393941,0.788607594936709,0.135220125786164
0.389182058047493,0.254601549166338,0.407524536532170,0.657575757575757,0.565822784810127,0.200628930817610
0.579155672823219,0.283799396087699,0.523773173391494,0.415151515151515,0.383544303797468,0.341509433962264
0.591820580474934,0.502363135092556,0.813958560523446,0.390909090909092,0.272151898734177,0.603144654088050
0.627704485488127,0.258907706446107,0.723882224645583,0.439393939393941,0.211392405063291,0.487421383647799
0.741688654353562,0.338309045555993,0.779062159214831,0.269696969696971,0.160759493670886,0.663522012578616
0.773350923482850,0.425377445188394,0.793347873500545,0.342424242424243,0.201265822784810,0.728930817610063
0.509498680738786,0.345976106078509,0.623882224645584,0.463636363636364,0.413924050632911,0.366666666666667
0.716358839050132,0.594787974268085,0.892584514721919,0.342424242424243,0.221518987341772,0.824528301886792
0.182321899736148,0.307220690560588,0.376663031624864,0.681818181818184,0.575949367088608,0.165408805031447
0.501055408970976,0.534501772351319,0.670665212649945,0.415151515151515,0.474683544303797,0.406918238993711
0.640369393139842,0.643521071287909,0.831733914940022,0.366666666666665,0.363291139240506,0.663522012578616
0.843007915567282,0.513916239989497,0.778516902944384,0.342424242424243,0.100000000000000,0.900000000000000
0.298416886543536,0.181396875410267,0.307960741548528,0.584848484848485,0.646835443037975,0.145283018867925
0.589709762532982,0.382841013522384,0.866630316248637,0.463636363636364,0.201265822784810,0.608176100628931
0.663588390501319,0.392398582118945,0.547546346782988,0.390909090909092,0.251898734177215,0.482389937106918
0.441952506596306,0.234961270841539,0.400000000000000,0.633333333333334,0.586075949367089,0.205660377358491
0.414511873350924,0.278022843639228,0.397055616139586,0.633333333333334,0.494936708860760,0.210691823899371
0.330079155672823,0.115334121045031,0.240458015267176,0.730303030303029,0.727848101265823,0.125157232704403
0.450395778364116,0.182342129447289,0.372082878953108,0.487878787878787,0.434177215189873,0.210691823899371
0.327968337730871,0.473270316397532,0.442311886586696,0.439393939393941,0.505063291139241,0.235849056603774
0.382849604221636,0.310056452671655,0.333696837513631,0.415151515151515,0.363291139240506,0.215723270440252
0.273087071240106,0.279493238807930,0.309051254089422,0.609090909090908,0.525316455696203,0.160377358490566
0.714248021108180,0.416239989497177,0.681243184296619,0.293939393939393,0.332911392405063,0.577987421383648
0.686807387862797,0.356478928712091,0.758015267175573,0.269696969696971,0.170886075949367,0.613207547169811
0.505277044854881,0.335893396350269,0.385059978189749,0.609090909090908,0.413924050632911,0.271069182389937
0.243535620052770,0.237376920047263,0.174809160305344,0.657575757575757,0.859493670886076,0.105031446540881
0.389182058047493,0.518222397269266,0.610577971646674,0.463636363636364,0.646835443037975,0.286163522012579
0.802902374670185,0.402376263620848,0.865103598691385,0.415151515151515,0.150632911392405,0.799371069182390
0.790237467018470,0.418655638702901,0.825081788440567,0.342424242424243,0.211392405063291,0.738993710691824
0.266754617414248,0.263633976631220,0.231733914940022,0.415151515151515,0.616455696202532,0.145283018867925
0.524274406332454,0.774176184849678,0.841984732824428,0.318181818181820,0.170886075949367,0.698742138364780
0.629815303430079,0.368872259419719,0.685278080697928,0.463636363636364,0.383544303797468,0.477358490566038
0.710026385224274,0.513391098857818,0.832933478735005,0.293939393939393,0.191139240506329,0.749056603773585
0.281530343007916,0.307640803465931,0.153107960741549,0.487878787878787,0.677215189873418,0.135220125786164
0.627704485488127,0.368872259419719,0.588004362050164,0.463636363636364,0.413924050632911,0.422012578616352
0.180211081794195,0.301969279243797,0.258669574700109,0.900000000000000,0.788607594936709,0.115094339622642
0.173878627968338,0.216266246553761,0.306324972737187,0.633333333333334,0.424050632911392,0.155345911949686
0.593931398416886,0.677550216620717,0.900000000000000,0.269696969696971,0.262025316455696,0.723899371069182
0.488390501319261,0.342090061704083,0.341112322791712,0.512121212121213,0.535443037974684,0.230817610062893
0.555936675461742,0.389457791781541,0.652780806979280,0.390909090909092,0.454430379746835,0.396855345911950
0.697361477572559,0.384731521596429,0.706543075245365,0.415151515151515,0.241772151898734,0.588050314465409
0.258311345646438,0.308165944597611,0.306979280261723,0.633333333333334,0.737974683544304,0.135220125786164
0.484168865435356,0.278022843639228,0.311995637949836,0.584848484848485,0.555696202531646,0.205660377358491
0.612928759894459,0.480832348693711,0.859214830970556,0.439393939393941,0.353164556962025,0.613207547169811
0.435620052770449,0.270880924248392,0.433260632497274,0.584848484848485,0.363291139240506,0.255974842767296
0.697361477572559,0.601929893658921,0.885278080697928,0.342424242424243,0.363291139240506,0.728930817610063
0.304749340369393,0.274136799264802,0.293893129770992,0.633333333333334,0.535443037974684,0.170440251572327
0.382849604221636,0.283274254956019,0.462486368593239,0.560606060606062,0.494936708860760,0.225786163522013
0.391292875989446,0.410568465275043,0.664885496183206,0.415151515151515,0.555696202531646,0.311320754716981
0.579155672823219,0.631547853485624,0.651363140676118,0.439393939393941,0.241772151898734,0.577987421383648
0.517941952506596,0.357424182749114,0.418538713195202,0.439393939393941,0.464556962025316,0.296226415094340
0.505277044854881,0.554562163581463,0.717011995637950,0.584848484848485,0.555696202531646,0.406918238993711
0.737467018469657,0.363620848102928,0.712213740458015,0.415151515151515,0.302531645569620,0.577987421383648
0.699472295514512,0.577983458054352,0.805234460196292,0.366666666666665,0.211392405063291,0.764150943396226
0.678364116094987,0.375173952999869,0.794983642311887,0.390909090909092,0.312658227848101,0.588050314465409
0.615039577836412,0.361310227123539,0.543511450381679,0.512121212121213,0.292405063291139,0.416981132075472
0.644591029023747,0.427793094394118,0.776117775354417,0.342424242424243,0.251898734177215,0.603144654088050
0.522163588390501,0.735420769331758,0.628353326063250,0.390909090909092,0.424050632911392,0.472327044025157
0.608707124010554,0.240212682158330,0.497818974918212,0.487878787878787,0.332911392405063,0.346540880503145
0.699472295514512,0.491860312458973,0.863685932388223,0.318181818181820,0.322784810126582,0.678616352201258
0.435620052770449,0.242628331364054,0.220174482006543,0.657575757575757,0.727848101265823,0.140251572327044
0.412401055408971,0.288525666272811,0.355834242093784,0.609090909090908,0.575949367088608,0.200628930817610
0.296306068601583,0.443127215439149,0.297055616139586,0.463636363636364,0.474683544303797,0.215723270440252
0.631926121372032,0.339254299593016,0.601526717557252,0.390909090909092,0.373417721518987,0.432075471698113
0.486279683377309,0.391453328081922,0.654961832061069,0.439393939393941,0.160759493670886,0.452201257861635
0.551715039577836,0.266574766968623,0.552671755725191,0.560606060606062,0.191139240506329,0.391823899371069
0.444063324538259,0.249350137849547,0.448309705561614,0.681818181818184,0.494936708860760,0.235849056603774
0.522163588390501,0.476526191413942,0.611014176663032,0.560606060606062,0.525316455696203,0.366666666666667
0.574934036939314,0.306275436523566,0.569792802617230,0.390909090909092,0.312658227848101,0.381761006289308
0.718469656992084,0.431574110542208,0.886150490730643,0.318181818181820,0.221518987341772,0.733962264150943
0.587598944591029,0.268885387948011,0.401526717557252,0.487878787878787,0.211392405063291,0.346540880503145
0.817678100263852,0.403321517657870,0.807088331515812,0.342424242424243,0.201265822784810,0.769182389937107
0.644591029023747,0.559813574898254,0.663904034896401,0.439393939393941,0.312658227848101,0.583018867924528
0.750131926121372,0.429158461336484,0.896728462377317,0.439393939393941,0.150632911392405,0.809433962264151
0.764907651715040,0.577983458054352,0.728898582333697,0.366666666666665,0.181012658227848,0.764150943396226
0.707915567282322,0.486608901142182,0.744274809160305,0.390909090909092,0.302531645569620,0.623270440251572
0.802902374670185,0.350702376263621,0.809160305343512,0.366666666666665,0.201265822784810,0.718867924528302
0.473614775725594,0.331167126165157,0.355507088331516,0.415151515151515,0.343037974683544,0.281132075471698
0.731134564643800,0.525889457791782,0.865212649945474,0.415151515151515,0.191139240506329,0.789308176100629
0.387071240105541,0.448798739661284,0.264558342420938,0.318181818181820,0.829113924050633,0.140251572327044
0.325857519788918,0.378009715110936,0.340894220283533,0.487878787878787,0.545569620253165,0.185534591194969
0.589709762532982,0.386622029670474,0.441003271537623,0.463636363636364,0.586075949367089,0.311320754716981
0.406068601583114,0.456045687278456,0.148745910577972,0.390909090909092,0.687341772151899,0.145283018867925
0.505277044854881,0.379480110279638,0.238822246455834,0.439393939393941,0.525316455696203,0.235849056603774
0.585488126649077,0.493330707627675,0.780916030534351,0.415151515151515,0.343037974683544,0.557861635220126
0.463060686015831,0.355533674675069,0.581352235550709,0.609090909090908,0.454430379746835,0.316352201257862
0.600263852242744,0.496166469738742,0.864667393675027,0.390909090909092,0.322784810126582,0.608176100628931
0.315303430079156,0.161756597085467,0.302399127589967,0.681818181818184,0.454430379746835,0.165408805031447
0.399736147757256,0.257962452409085,0.455616139585605,0.463636363636364,0.413924050632911,0.240880503144654
0.691029023746702,0.324445319679664,0.540239912758997,0.439393939393941,0.292405063291139,0.467295597484277
0.665699208443272,0.622935538926087,0.721374045801527,0.342424242424243,0.383544303797468,0.608176100628931
0.625593667546174,0.451739529998687,0.593675027262814,0.269696969696971,0.302531645569620,0.452201257861635
0.722691292875989,0.514861494026520,0.880806979280262,0.342424242424243,0.231645569620253,0.764150943396226
0.330079155672823,0.286110017067087,0.377426390403490,0.681818181818184,0.575949367088608,0.175471698113208
0.465171503957784,0.250295391886570,0.338276990185387,0.415151515151515,0.424050632911392,0.225786163522013
0.619261213720317,0.418655638702901,0.568266085059978,0.463636363636364,0.434177215189873,0.422012578616352
0.321635883905013,0.357949323880793,0.194874591057797,0.560606060606062,0.697468354430380,0.145283018867925
0.482058047493404,0.491860312458973,0.677971646673937,0.342424242424243,0.373417721518987,0.427044025157233
0.298416886543536,0.217211500590784,0.292366412213740,0.512121212121213,0.444303797468354,0.165408805031447
0.279419525065963,0.281803859787318,0.351690294438386,0.706060606060607,0.535443037974684,0.175471698113208
0.251978891820581,0.259852960483130,0.155943293347874,0.560606060606062,0.748101265822785,0.125157232704403
0.338522427440633,0.187068399632401,0.313522355507088,0.657575757575757,0.636708860759494,0.150314465408805
0.686807387862797,0.311001706708678,0.705670665212650,0.318181818181820,0.292405063291139,0.507547169811321
0.796569920844327,0.467913876854405,0.869247546346783,0.269696969696971,0.191139240506329,0.814465408805031
0.422955145118734,0.344085598004464,0.603707742639040,0.536363636363636,0.383544303797468,0.321383647798742
0.361741424802111,0.437350662990679,0.469901853871320,0.487878787878787,0.434177215189873,0.286163522012579
0.361741424802111,0.313942497046081,0.571755725190840,0.487878787878787,0.363291139240506,0.286163522012579
0.418733509234829,0.296192726795326,0.565539803707743,0.463636363636364,0.292405063291139,0.316352201257862
0.334300791556728,0.255546803203361,0.418538713195202,0.657575757575757,0.515189873417721,0.190566037735849
0.395514511873351,0.282749113824340,0.342311886586696,0.536363636363636,0.586075949367089,0.185534591194969
0.258311345646438,0.281803859787318,0.301853871319520,0.512121212121213,0.626582278481013,0.145283018867925
0.783905013192612,0.414349481423132,0.816466739367503,0.342424242424243,0.262025316455696,0.708805031446541
0.705804749340369,0.528725219902849,0.746237731733915,0.366666666666665,0.312658227848101,0.623270440251572
0.676253298153034,0.245043980569778,0.568266085059978,0.366666666666665,0.282278481012658,0.427044025157233
0.313192612137203,0.175620322961796,0.132388222464558,0.560606060606062,0.889873417721519,0.100000000000000
0.876781002638522,0.443547328344493,0.710032715376227,0.318181818181820,0.262025316455696,0.749056603773585
0.520052770448549,0.290941315478535,0.357688113413304,0.439393939393941,0.434177215189873,0.261006289308176
0.425065963060686,0.302389392149140,0.356270447110142,0.512121212121213,0.545569620253165,0.210691823899371
0.615039577836412,0.403321517657870,0.556161395856052,0.415151515151515,0.353164556962025,0.437106918238994
0.475725593667546,0.170894052776684,0.317993456924755,0.536363636363636,0.464556962025316,0.210691823899371
0.560158311345646,0.650768018905081,0.615703380588877,0.390909090909092,0.383544303797468,0.502515723270440
0.334300791556728,0.107246947617172,0.244383860414395,0.609090909090908,0.707594936708861,0.130188679245283
0.509498680738786,0.453104896941053,0.195528898582334,0.487878787878787,0.667088607594937,0.220754716981132
0.754353562005277,0.476106078508599,0.862922573609597,0.366666666666665,0.282278481012658,0.744025157232704
0.739577836411610,0.397124852304057,0.812431842966194,0.318181818181820,0.191139240506329,0.683647798742138
0.513720316622691,0.445437836418538,0.253980370774264,0.318181818181820,0.717721518987342,0.200628930817610
0.254089709762533,0.422961795982670,0.283097055616140,0.487878787878787,0.677215189873418,0.155345911949686
0.663588390501319,0.351227517395300,0.858669574700109,0.390909090909092,0.292405063291139,0.613207547169811
0.384960422163588,0.506249179466982,0.213849509269357,0.293939393939393,0.687341772151899,0.185534591194969
0.391292875989446,0.300498884075095,0.382878953107961,0.463636363636364,0.535443037974684,0.205660377358491
0.773350923482850,0.419180779834581,0.867938931297710,0.366666666666665,0.211392405063291,0.774213836477987
0.456728232189974,0.148838125246160,0.380916030534351,0.512121212121213,0.494936708860760,0.215723270440252
0.463060686015831,0.284744650124721,0.474045801526718,0.560606060606062,0.565822784810127,0.240880503144654
0.526385224274406,0.548785611132992,0.835223555070883,0.415151515151515,0.272151898734177,0.552830188679245
0.363852242744063,0.523893921491401,0.333805888767721,0.463636363636364,0.454430379746835,0.245911949685535
0.739577836411610,0.518642510174609,0.876444929116685,0.415151515151515,0.221518987341772,0.794339622641509
0.395514511873351,0.190009189969804,0.336095965103599,0.390909090909092,0.586075949367089,0.170440251572327
0.262532981530343,0.219627149796508,0.192911668484188,0.681818181818184,0.778481012658228,0.125157232704403
0.247757255936675,0.281383746881975,0.259105779716467,0.681818181818184,0.586075949367089,0.155345911949686
0.530606860158311,0.176565576998818,0.411341330425300,0.536363636363636,0.424050632911392,0.250943396226415
0.579155672823219,0.360785085991860,0.841875681570338,0.390909090909092,0.322784810126582,0.542767295597484
0.849340369393140,0.458881449389523,0.829225736095965,0.415151515151515,0.140506329113924,0.864779874213836
0.729023746701847,0.497111723775765,0.859869138495093,0.390909090909092,0.302531645569620,0.723899371069182
0.266754617414248,0.224458448207956,0.257142857142857,0.633333333333334,0.829113924050633,0.120125786163522
0.441952506596306,0.395759485361691,0.620610687022901,0.512121212121213,0.454430379746835,0.321383647798742
0.598153034300792,0.333477747144545,0.703053435114504,0.487878787878787,0.403797468354430,0.437106918238994
0.399736147757256,0.395234344230012,0.164340239912759,0.487878787878787,0.656962025316456,0.170440251572327
0.515831134564644,0.648772482604700,0.490403489640131,0.439393939393941,0.474683544303797,0.371698113207547
0.648812664907652,0.396704739398713,0.570556161395856,0.318181818181820,0.332911392405063,0.472327044025157
0.338522427440633,0.253656295129316,0.203053435114504,0.584848484848485,0.707594936708861,0.140251572327044
0.642480211081794,0.528200078771170,0.877971646673937,0.390909090909092,0.343037974683544,0.663522012578616
0.682585751978892,0.725863200735198,0.730643402399128,0.439393939393941,0.302531645569620,0.708805031446541
0.828232189973615,0.367506892477353,0.606979280261723,0.245454545454544,0.241772151898734,0.608176100628931
0.845118733509235,0.360785085991860,0.834460196292257,0.366666666666665,0.251898734177215,0.738993710691824
0.517941952506596,0.431574110542208,0.880261723009815,0.390909090909092,0.292405063291139,0.552830188679245
0.505277044854881,0.458881449389523,0.640458015267176,0.584848484848485,0.332911392405063,0.432075471698113
0.230870712401055,0.303859787317842,0.259105779716467,0.706060606060607,0.778481012658228,0.125157232704403
0.370184696569921,0.134029145332808,0.297273718647764,0.778787878787879,0.606329113924051,0.155345911949686
0.374406332453826,0.249350137849547,0.174918211559433,0.487878787878787,0.748101265822785,0.135220125786164
0.294195250659631,0.447853485624262,0.171646673936750,0.487878787878787,0.758227848101266,0.130188679245283
0.779683377308707,0.434514900879611,0.594656488549619,0.342424242424243,0.231645569620253,0.623270440251572
0.425065963060686,0.900000000000000,0.744820065430753,0.584848484848485,0.312658227848101,0.542767295597484
0.475725593667546,0.680385978731784,0.708724100327154,0.318181818181820,0.312658227848101,0.522641509433962
0.610817941952507,0.532506236050939,0.683424209378408,0.463636363636364,0.343037974683544,0.517610062893082
0.849340369393140,0.407207562032296,0.823009814612868,0.366666666666665,0.241772151898734,0.759119496855346
0.420844327176781,0.481882630957070,0.203816793893130,0.390909090909092,0.494936708860760,0.215723270440252
0.452506596306069,0.394709203098333,0.575463467829880,0.415151515151515,0.515189873417721,0.316352201257862
0.568601583113457,0.271301037153735,0.650490730643402,0.536363636363636,0.424050632911392,0.381761006289308
0.241424802110818,0.219627149796508,0.271210468920393,0.584848484848485,0.829113924050633,0.115094339622642
0.646701846965699,0.424852304056715,0.572628135223555,0.293939393939393,0.170886075949367,0.522641509433962
0.779683377308707,0.427267953262439,0.789422028353326,0.366666666666665,0.241772151898734,0.728930817610063
0.351187335092348,0.216791387685440,0.312322791712105,0.657575757575757,0.494936708860760,0.170440251572327
0.722691292875989,0.377484573979257,0.612977099236641,0.318181818181820,0.322784810126582,0.497484276729560
0.334300791556728,0.299028488906394,0.259869138495093,0.657575757575757,0.727848101265823,0.140251572327044
0.325857519788918,0.201457266640410,0.360305343511450,0.633333333333334,0.545569620253165,0.170440251572327
0.547493403693931,0.517697256137587,0.772628135223555,0.318181818181820,0.353164556962025,0.517610062893082
0.441952506596306,0.286635158198766,0.682224645583424,0.560606060606062,0.231645569620253,0.391823899371069
0.505277044854881,0.189063935932782,0.324427480916031,0.439393939393941,0.667088607594937,0.185534591194969
0.783905013192612,0.456465800183799,0.578735005452563,0.245454545454544,0.353164556962025,0.572955974842767
0.705804749340369,0.335473283444926,0.723336968375136,0.366666666666665,0.221518987341772,0.583018867924528
0.334300791556728,0.129197846921360,0.225845147219193,0.681818181818184,0.707594936708861,0.125157232704403
0.296306068601583,0.287055271104109,0.320610687022901,0.390909090909092,0.535443037974684,0.170440251572327
0.695250659630607,0.611067349350138,0.886150490730643,0.415151515151515,0.282278481012658,0.764150943396226
0.716358839050132,0.429158461336484,0.858233369683751,0.245454545454544,0.282278481012658,0.683647798742138
0.629815303430079,0.276552448470527,0.618429661941112,0.390909090909092,0.454430379746835,0.386792452830189
0.767018469656992,0.370342654588421,0.838931297709924,0.366666666666665,0.221518987341772,0.703773584905660
0.539050131926122,0.828685834317973,0.864994547437296,0.560606060606062,0.312658227848101,0.698742138364780
0.900000000000000,0.446383090455560,0.805234460196292,0.366666666666665,0.201265822784810,0.869811320754717
0.705804749340369,0.532506236050939,0.841875681570338,0.342424242424243,0.312658227848101,0.698742138364780
0.410290237467018,0.227294210319023,0.205452562704471,0.560606060606062,0.839240506329114,0.125157232704403
0.859894459102902,0.499527372981489,0.818102508178844,0.366666666666665,0.201265822784810,0.849685534591195
0.336411609498681,0.148838125246160,0.375136314067612,0.657575757575757,0.505063291139241,0.175471698113208
0.773350923482850,0.510975449652094,0.812649945474373,0.415151515151515,0.272151898734177,0.744025157232704
0.503166226912929,0.503833530261258,0.544492911668484,0.342424242424243,0.677215189873418,0.291194968553459
0.547493403693931,0.234961270841539,0.464231188658670,0.463636363636364,0.251898734177215,0.331446540880503
0.188654353562005,0.275607194433504,0.284296619411123,0.390909090909092,0.575949367088608,0.145283018867925
0.458839050131926,0.428738348431141,0.494002181025082,0.487878787878787,0.515189873417721,0.276100628930818
0.454617414248021,0.468439017986084,0.354307524536532,0.463636363636364,0.626582278481013,0.235849056603774
0.672031662269129,0.701391623998950,0.841112322791712,0.390909090909092,0.181012658227848,0.809433962264151
0.674142480211082,0.477576473677301,0.873173391494002,0.318181818181820,0.353164556962025,0.668553459119497
0.722691292875989,0.475160824471577,0.852671755725191,0.390909090909092,0.322784810126582,0.693710691823899
0.589709762532982,0.232545621635815,0.517448200654308,0.390909090909092,0.343037974683544,0.336477987421384
0.433509234828496,0.203872915846134,0.430207197382770,0.633333333333334,0.191139240506329,0.281132075471698
0.498944591029024,0.479887094656689,0.660305343511450,0.512121212121213,0.484810126582279,0.381761006289308
0.762796833773087,0.466023368780360,0.843838604143948,0.415151515151515,0.282278481012658,0.733962264150943
0.378627968337731,0.147367730077458,0.384078516902944,0.681818181818184,0.525316455696203,0.180503144654088
0.517941952506596,0.334948142313247,0.699454743729553,0.487878787878787,0.191139240506329,0.462264150943396
0.752242744063324,0.505303925429959,0.788222464558342,0.390909090909092,0.170886075949367,0.769182389937107
0.530606860158311,0.362675594065905,0.635986913849509,0.536363636363636,0.241772151898734,0.422012578616352
0.577044854881267,0.221097544965209,0.523009814612868,0.415151515151515,0.160759493670886,0.386792452830189
0.678364116094987,0.464132860706315,0.666957470010905,0.366666666666665,0.241772151898734,0.577987421383648
0.532717678100264,0.654023893921491,0.646455834242094,0.390909090909092,0.282278481012658,0.547798742138365
0.665699208443272,0.262268609688854,0.681352235550709,0.439393939393941,0.312658227848101,0.477358490566038
0.456728232189974,0.292411710647236,0.412868047982552,0.439393939393941,0.302531645569620,0.276100628930818
0.631926121372032,0.514861494026520,0.864994547437296,0.390909090909092,0.241772151898734,0.678616352201258
0.270976253298153,0.366036497308652,0.148091603053435,0.536363636363636,0.869620253164557,0.110062893081761
0.591820580474934,0.427793094394118,0.751799345692476,0.390909090909092,0.393670886075949,0.507547169811321
0.714248021108180,0.429683602468163,0.676663031624864,0.390909090909092,0.211392405063291,0.618238993710692
0.325857519788918,0.226874097413680,0.218320610687023,0.584848484848485,0.788607594936709,0.125157232704403
0.769129287598945,0.403846658789550,0.810687022900763,0.318181818181820,0.211392405063291,0.723899371069182
0.439841688654354,0.431574110542208,0.586913849509270,0.245454545454544,0.505063291139241,0.311320754716981
0.754353562005277,0.402376263620848,0.785496183206107,0.318181818181820,0.211392405063291,0.688679245283019
0.577044854881267,0.269410529079690,0.507851690294438,0.463636363636364,0.282278481012658,0.361635220125786
0.425065963060686,0.542168832873835,0.630425299890949,0.342424242424243,0.778481012658228,0.281132075471698
0.731134564643800,0.442076933175791,0.855616139585605,0.245454545454544,0.251898734177215,0.723899371069182
0.230870712401055,0.278968097676250,0.302835332606325,0.318181818181820,0.464556962025316,0.165408805031447
0.349076517150396,0.466548509912039,0.194111232279171,0.318181818181820,0.707594936708861,0.160377358490566
0.336411609498681,0.221097544965209,0.219956379498364,0.584848484848485,0.768354430379747,0.130188679245283
0.486279683377309,0.378534856242615,0.374700109051254,0.609090909090908,0.474683544303797,0.240880503144654
0.300527704485488,0.372758303794145,0.417775354416576,0.487878787878787,0.575949367088608,0.195597484276730
0.655145118733509,0.645411579361954,0.703271537622683,0.390909090909092,0.424050632911392,0.577987421383648
0.444063324538259,0.248404883812525,0.506106870229008,0.439393939393941,0.545569620253165,0.245911949685535
0.589709762532982,0.484193251936458,0.779716466739368,0.439393939393941,0.393670886075949,0.542767295597484
0.754353562005277,0.396179598267034,0.822137404580153,0.415151515151515,0.140506329113924,0.733962264150943
0.553825857519789,0.362675594065905,0.272519083969466,0.342424242424243,0.667088607594937,0.200628930817610
0.549604221635884,0.431574110542208,0.556924754634678,0.609090909090908,0.525316455696203,0.331446540880503
0.638258575197889,0.317198372062492,0.758996728462377,0.463636363636364,0.241772151898734,0.522641509433962
0.701583113456464,0.239267428121308,0.577535441657579,0.390909090909092,0.221518987341772,0.462264150943396
0.446174142480211,0.187593540764080,0.259323882224646,0.560606060606062,0.403797468354430,0.200628930817610
0.646701846965699,0.426847840357096,0.633805888767721,0.415151515151515,0.393670886075949,0.482389937106918
0.748021108179420,0.312892214782723,0.857797164667394,0.342424242424243,0.282278481012658,0.658490566037736
0.389182058047493,0.819128265721413,0.512104689203926,0.196969696969698,0.788607594936709,0.255974842767296
0.566490765171504,0.344085598004464,0.357797164667394,0.463636363636364,0.636708860759494,0.225786163522013
0.659366754617414,0.467913876854405,0.862704471101418,0.390909090909092,0.332911392405063,0.643396226415094
0.414511873350924,0.348811868189576,0.449182115594329,0.657575757575757,0.484810126582279,0.240880503144654
0.572823218997362,0.483247997899435,0.797273718647765,0.269696969696971,0.373417721518987,0.527672955974843
0.739577836411610,0.538807929631088,0.883315158124318,0.390909090909092,0.262025316455696,0.784276729559748
0.526385224274406,0.315307863988447,0.588004362050164,0.415151515151515,0.363291139240506,0.366666666666667
0.646701846965699,0.569371143494814,0.899018538713195,0.463636363636364,0.241772151898734,0.733962264150943
0.752242744063324,0.615793619535250,0.835986913849509,0.390909090909092,0.170886075949367,0.859748427672956
0.604485488126649,0.500997768150190,0.716793893129771,0.293939393939393,0.272151898734177,0.537735849056604
0.479947229551451,0.564119732178023,0.675790621592148,0.633333333333334,0.505063291139241,0.381761006289308
0.534828496042216,0.359839831954838,0.631297709923664,0.439393939393941,0.343037974683544,0.396855345911950
0.555936675461742,0.507719574635683,0.769901853871320,0.390909090909092,0.373417721518987,0.507547169811321
0.372295514511873,0.446908231587239,0.182224645583424,0.100000000000000,0.353164556962025,0.266037735849057
0.697361477572559,0.313417355914402,0.596728462377317,0.439393939393941,0.241772151898734,0.492452830188679
0.488390501319261,0.419180779834581,0.794329334787350,0.439393939393941,0.332911392405063,0.472327044025157
0.296306068601583,0.219627149796508,0.303707742639040,0.366666666666665,0.494936708860760,0.165408805031447
0.555936675461742,0.458356308257844,0.737186477644493,0.439393939393941,0.454430379746835,0.457232704402516
0.577044854881267,0.192844952080872,0.469901853871320,0.487878787878787,0.231645569620253,0.331446540880503
0.610817941952507,0.507719574635683,0.731842966194111,0.342424242424243,0.332911392405063,0.547798742138365
0.498944591029024,0.353118025469345,0.665430752453653,0.633333333333334,0.494936708860760,0.361635220125786
0.273087071240106,0.269410529079690,0.229770992366412,0.584848484848485,0.616455696202532,0.145283018867925
0.368073878627968,0.381790731259026,0.342420937840785,0.463636363636364,0.606329113924051,0.205660377358491
0.422955145118734,0.223933307076277,0.331406761177754,0.681818181818184,0.474683544303797,0.190566037735849
0.562269129287599,0.392398582118945,0.338822246455834,0.390909090909092,0.586075949367089,0.240880503144654
0.720580474934037,0.407207562032296,0.729989094874591,0.390909090909092,0.272151898734177,0.603144654088050
0.429287598944591,0.154614677694630,0.416357688113413,0.463636363636364,0.494936708860760,0.205660377358491
0.695250659630607,0.545949849021925,0.835223555070883,0.221212121212121,0.211392405063291,0.733962264150943
0.395514511873351,0.446383090455560,0.175790621592148,0.512121212121213,0.636708860759494,0.170440251572327
0.536939313984169,0.520112905343311,0.402835332606325,0.318181818181820,0.555696202531646,0.331446540880503
0.570712401055409,0.476526191413942,0.863249727371865,0.366666666666665,0.302531645569620,0.593081761006289
0.349076517150396,0.265104371799921,0.281461286804798,0.730303030303029,0.525316455696203,0.175471698113208
0.672031662269129,0.444492582381515,0.636095965103599,0.342424242424243,0.251898734177215,0.547798742138365
0.433509234828496,0.260273073388473,0.374591057797165,0.560606060606062,0.484810126582279,0.215723270440252
0.273087071240106,0.308586057502954,0.171755725190840,0.633333333333334,0.879746835443038,0.105031446540881
0.258311345646438,0.227294210319023,0.202181025081788,0.657575757575757,0.818987341772152,0.115094339622642
0.422955145118734,0.304805041354864,0.396183206106870,0.560606060606062,0.586075949367089,0.230817610062893
0.739577836411610,0.382315872390705,0.761286804798255,0.318181818181820,0.251898734177215,0.643396226415094
0.743799472295515,0.424852304056715,0.829007633587786,0.245454545454544,0.231645569620253,0.713836477987421
0.429287598944591,0.332112380202179,0.324100327153762,0.439393939393941,0.535443037974684,0.210691823899371
0.437730870712401,0.731534724957332,0.545910577971647,0.609090909090908,0.555696202531646,0.336477987421384
0.446174142480211,0.493750820533018,0.551254089422028,0.536363636363636,0.494936708860760,0.321383647798742
0.414511873350924,0.379900223184981,0.351581243184297,0.366666666666665,0.596202531645570,0.205660377358491
0.218205804749340,0.404791912826572,0.308287895310796,0.536363636363636,0.535443037974684,0.170440251572327
0.598153034300792,0.252185899960614,0.400763358778626,0.536363636363636,0.403797468354430,0.291194968553459
0.836675461741425,0.440711566233425,0.649073064340240,0.221212121212121,0.160759493670886,0.718867924528302
0.617150395778364,0.310056452671655,0.808833151581243,0.415151515151515,0.302531645569620,0.537735849056604
0.593931398416886,0.268465275042668,0.506870229007634,0.415151515151515,0.413924050632911,0.331446540880503
0.555936675461742,0.316778259157148,0.421810250817884,0.415151515151515,0.322784810126582,0.336477987421384
0.205540897097625,0.319193908362873,0.235877862595420,0.681818181818184,0.758227848101266,0.125157232704403
0.756464379947230,0.369922541683077,0.769683751363141,0.293939393939393,0.181012658227848,0.678616352201258
0.384960422163588,0.243573585401077,0.402835332606325,0.609090909090908,0.251898734177215,0.261006289308176
0.361741424802111,0.545424707890246,0.432933478735006,0.293939393939393,0.565822784810127,0.245911949685535
0.477836411609499,0.362675594065905,0.615921483097056,0.633333333333334,0.413924050632911,0.356603773584906
0.739577836411610,0.560758828935276,0.840785169029444,0.390909090909092,0.231645569620253,0.784276729559748
0.338522427440633,0.164172246291191,0.295856052344602,0.560606060606062,0.646835443037975,0.145283018867925
0.370184696569921,0.403846658789550,0.312758996728462,0.512121212121213,0.586075949367089,0.200628930817610
0.674142480211082,0.554037022449783,0.837404580152672,0.415151515151515,0.353164556962025,0.668553459119497
0.680474934036939,0.337783904424314,0.642966194111232,0.415151515151515,0.211392405063291,0.537735849056604
0.399736147757256,0.474635683339898,0.259760087241003,0.536363636363636,0.575949367088608,0.210691823899371
0.262532981530343,0.199566758566365,0.302617230098146,0.657575757575757,0.555696202531646,0.145283018867925
0.718469656992084,0.594262833136405,0.849945474372955,0.390909090909092,0.120253164556962,0.849685534591195
0.655145118733509,0.533976631219640,0.897818974918212,0.439393939393941,0.191139240506329,0.759119496855346
0.298416886543536,0.298608376001050,0.349727371864776,0.681818181818184,0.363291139240506,0.210691823899371
0.298416886543536,0.291886569515557,0.317884405670665,0.536363636363636,0.616455696202532,0.160377358490566
0.319525065963061,0.204293028751477,0.291603053435115,0.487878787878787,0.646835443037975,0.145283018867925
0.391292875989446,0.417710384665879,0.243075245365322,0.439393939393941,0.778481012658228,0.155345911949686
0.688918205804749,0.300498884075095,0.766303162486369,0.487878787878787,0.272151898734177,0.562893081761006
0.678364116094987,0.352697912564002,0.776663031624864,0.415151515151515,0.201265822784810,0.593081761006289
0.570712401055409,0.535867139293685,0.680588876772083,0.318181818181820,0.444303797468354,0.472327044025157
0.389182058047493,0.232545621635815,0.410905125408942,0.439393939393941,0.251898734177215,0.261006289308176
0.644591029023747,0.415819876591834,0.778625954198473,0.366666666666665,0.251898734177215,0.598113207547170
0.587598944591029,0.308586057502954,0.520610687022901,0.463636363636364,0.302531645569620,0.371698113207547
0.418733509234829,0.251660758828935,0.532715376226827,0.439393939393941,0.393670886075949,0.276100628930818
0.494722955145119,0.473690429302875,0.707633587786260,0.512121212121213,0.383544303797468,0.432075471698113
0.737467018469657,0.531140869108573,0.893020719738277,0.439393939393941,0.181012658227848,0.834591194968553
0.638258575197889,0.305330182486543,0.688767720828790,0.415151515151515,0.231645569620253,0.492452830188679
0.321635883905013,0.214900879611396,0.359105779716467,0.706060606060607,0.444303797468354,0.180503144654088
0.528496042216359,0.328751476959433,0.705670665212650,0.633333333333334,0.444303797468354,0.386792452830189
0.526385224274406,0.312892214782723,0.689967284623773,0.487878787878787,0.322784810126582,0.422012578616352
0.748021108179420,0.357424182749114,0.704034896401309,0.342424242424243,0.160759493670886,0.628301886792453
0.475725593667546,0.355953787580412,0.410796074154853,0.487878787878787,0.586075949367089,0.230817610062893
0.306860158311346,0.181396875410267,0.340785169029444,0.657575757575757,0.606329113924051,0.150314465408805
0.802902374670185,0.389037678876198,0.738931297709924,0.390909090909092,0.241772151898734,0.693710691823899
0.536939313984169,0.348811868189576,0.414394765539804,0.390909090909092,0.444303797468354,0.286163522012579
0.661477572559367,0.349757122226598,0.663249727371865,0.293939393939393,0.322784810126582,0.497484276729560
0.235092348284960,0.241683077327032,0.182333696837514,0.560606060606062,0.798734177215190,0.115094339622642
0.534828496042216,0.361730340028883,0.639694656488550,0.439393939393941,0.201265822784810,0.457232704402516
0.344854881266491,0.219627149796508,0.339040348964013,0.633333333333334,0.555696202531646,0.175471698113208
0.412401055408971,0.517697256137587,0.171755725190840,0.439393939393941,0.565822784810127,0.195597484276730
0.292084432717678,0.192424839175528,0.332497273718648,0.584848484848485,0.545569620253165,0.160377358490566
0.667810026385224,0.477576473677301,0.839040348964013,0.318181818181820,0.383544303797468,0.613207547169811
0.235092348284960,0.378009715110936,0.222137404580153,0.681818181818184,0.768354430379747,0.130188679245283
0.602374670184697,0.513391098857818,0.691384950926936,0.415151515151515,0.434177215189873,0.472327044025157
0.543271767810026,0.199566758566365,0.444601962922574,0.487878787878787,0.302531645569620,0.296226415094340
0.735356200527705,0.347866614152553,0.870774263904035,0.293939393939393,0.160759493670886,0.723899371069182
0.351187335092348,0.192424839175528,0.352453653217012,0.633333333333334,0.363291139240506,0.200628930817610
0.536939313984169,0.592792437967704,0.708069792802617,0.390909090909092,0.413924050632911,0.462264150943396
0.549604221635884,0.718196140212682,0.829007633587786,0.439393939393941,0.251898734177215,0.673584905660377
0.756464379947230,0.401431009583826,0.801744820065431,0.342424242424243,0.211392405063291,0.693710691823899
0.397625329815304,0.293356964684259,0.377208287895311,0.390909090909092,0.687341772151899,0.190566037735849
0.275197889182058,0.255966916108704,0.311668484187568,0.560606060606062,0.515189873417721,0.165408805031447
0.342744063324538,0.187068399632401,0.332170119956379,0.706060606060607,0.606329113924051,0.155345911949686
0.817678100263852,0.351647630300643,0.644601962922574,0.439393939393941,0.251898734177215,0.613207547169811
0.579155672823219,0.626821583300512,0.865539803707743,0.463636363636364,0.251898734177215,0.668553459119497
0.460949868073879,0.267520021005645,0.504580152671756,0.633333333333334,0.606329113924051,0.235849056603774
0.264643799472296,0.387567283707496,0.436423118865867,0.657575757575757,0.626582278481013,0.185534591194969
0.397625329815304,0.317723513194171,0.435877862595420,0.560606060606062,0.616455696202532,0.210691823899371
0.431398416886544,0.235486411973218,0.427044711014177,0.584848484848485,0.373417721518987,0.240880503144654
0.655145118733509,0.301444138112118,0.650926935659760,0.366666666666665,0.231645569620253,0.502515723270440
0.332189973614776,0.300498884075095,0.585059978189749,0.657575757575757,0.424050632911392,0.261006289308176
0.541160949868074,0.394709203098333,0.818865866957470,0.390909090909092,0.413924050632911,0.487421383647799
0.494722955145119,0.337363791518971,0.772955288985823,0.633333333333334,0.241772151898734,0.462264150943396
0.463060686015831,0.231180254693449,0.346892039258452,0.560606060606062,0.251898734177215,0.266037735849057
0.406068601583114,0.466023368780360,0.446782988004362,0.487878787878787,0.454430379746835,0.291194968553459
0.703693931398417,0.448378626755941,0.800436205016358,0.293939393939393,0.221518987341772,0.673584905660377
0.800791556728232,0.388092424839175,0.878298800436205,0.196969696969698,0.130379746835443,0.804402515723270
0.617150395778364,0.290416174346856,0.731297709923664,0.487878787878787,0.373417721518987,0.467295597484277
0.745910290237467,0.494801102796377,0.884187568157034,0.366666666666665,0.201265822784810,0.789308176100629
0.258311345646438,0.147892871209137,0.272191930207197,0.609090909090908,0.677215189873418,0.130188679245283
0.522163588390501,0.302389392149140,0.305016357688113,0.390909090909092,0.656962025316456,0.195597484276730
0.821899736147757,0.512025731915452,0.811014176663032,0.390909090909092,0.201265822784810,0.829559748427673
0.739577836411610,0.418235525797558,0.742529989094875,0.366666666666665,0.292405063291139,0.633333333333333
0.401846965699209,0.214900879611396,0.298364231188659,0.560606060606062,0.484810126582279,0.180503144654088
0.773350923482850,0.498582118944466,0.866303162486369,0.415151515151515,0.150632911392405,0.844654088050314
0.273087071240106,0.337783904424314,0.241330425299891,0.657575757575757,0.636708860759494,0.145283018867925
0.302638522427441,0.405317053958251,0.449618320610687,0.148484848484849,0.444303797468354,0.230817610062893
0.623482849604222,0.283799396087699,0.542639040348964,0.439393939393941,0.170886075949367,0.427044025157233
0.541160949868074,0.724392805566496,0.735332606324973,0.463636363636364,0.332911392405063,0.572955974842767
0.209762532981530,0.211960089273992,0.311995637949836,0.730303030303029,0.494936708860760,0.155345911949686
0.764907651715040,0.462242352632270,0.832497273718648,0.318181818181820,0.221518987341772,0.759119496855346
0.631926121372032,0.439766312196403,0.523882224645583,0.439393939393941,0.444303797468354,0.401886792452830
0.771240105540897,0.325390573716686,0.749727371864777,0.221212121212121,0.191139240506329,0.643396226415094
0.435620052770449,0.374228698962846,0.459432933478735,0.584848484848485,0.515189873417721,0.245911949685535
0.564379947229551,0.314887751083104,0.408615049073064,0.439393939393941,0.424050632911392,0.301257861635220
0.648812664907652,0.369397400551398,0.787677208287895,0.366666666666665,0.292405063291139,0.562893081761006
0.230870712401055,0.227294210319023,0.189422028353326,0.633333333333334,0.889873417721519,0.100000000000000
0.629815303430079,0.257962452409085,0.460850599781898,0.318181818181820,0.282278481012658,0.356603773584906
0.349076517150396,0.238322174084285,0.423991275899673,0.706060606060607,0.525316455696203,0.195597484276730
0.446174142480211,0.569896284626493,0.573609596510360,0.439393939393941,0.424050632911392,0.366666666666667
0.568601583113457,0.262268609688854,0.503489640130862,0.390909090909092,0.251898734177215,0.356603773584906
0.686807387862797,0.368452146514376,0.845256270447110,0.366666666666665,0.343037974683544,0.613207547169811
0.387071240105541,0.252711041092294,0.382878953107961,0.487878787878787,0.555696202531646,0.195597484276730
0.484168865435356,0.446383090455560,0.373827699018539,0.293939393939393,0.656962025316456,0.245911949685535
0.203430079155673,0.261533412104503,0.310687022900763,0.754545454545456,0.636708860759494,0.135220125786164
0.254089709762533,0.320559275305238,0.348200654307525,0.560606060606062,0.494936708860760,0.180503144654088
0.792348284960422,0.448378626755941,0.820937840785169,0.366666666666665,0.251898734177215,0.749056603773585
0.296306068601583,0.303859787317842,0.329334787350055,0.778787878787879,0.616455696202532,0.160377358490566
0.750131926121372,0.401010896678482,0.690512540894220,0.221212121212121,0.373417721518987,0.583018867924528
0.488390501319261,0.504778784298280,0.740239912758997,0.318181818181820,0.292405063291139,0.497484276729560
0.513720316622691,0.490494945516608,0.489203925845147,0.342424242424243,0.606329113924051,0.296226415094340
0.705804749340369,0.350702376263621,0.579389312977099,0.536363636363636,0.272151898734177,0.497484276729560
0.496833773087071,0.272771432322437,0.345692475463468,0.415151515151515,0.191139240506329,0.306289308176101
0.817678100263852,0.502363135092556,0.737295528898582,0.318181818181820,0.201265822784810,0.779245283018868
0.374406332453826,0.100000000000000,0.156706652126499,0.633333333333334,0.656962025316456,0.130188679245283
0.460949868073879,0.456990941315479,0.206434023991276,0.415151515151515,0.768354430379747,0.165408805031447
0.781794195250660,0.343560456872785,0.824536532170120,0.318181818181820,0.170886075949367,0.698742138364780
0.313192612137203,0.388512537744519,0.203162486368593,0.633333333333334,0.778481012658228,0.135220125786164
0.714248021108180,0.439766312196403,0.761941112322792,0.342424242424243,0.272151898734177,0.628301886792453
0.463060686015831,0.245464093475121,0.340130861504907,0.536363636363636,0.626582278481013,0.190566037735849
0.243535620052770,0.259327819351451,0.175899672846238,0.706060606060607,0.869620253164557,0.105031446540881
0.752242744063324,0.440186425101746,0.865757906215922,0.390909090909092,0.120253164556962,0.789308176100629
0.653034300791557,0.530615727976894,0.767611777535442,0.390909090909092,0.363291139240506,0.593081761006289
0.815567282321900,0.439766312196403,0.664994547437295,0.269696969696971,0.191139240506329,0.718867924528302
0.503166226912929,0.415819876591834,0.689749182115594,0.439393939393941,0.353164556962025,0.427044025157233
0.256200527704486,0.436825521859000,0.253871319520174,0.706060606060607,0.606329113924051,0.160377358490566
0.304749340369393,0.328751476959433,0.352453653217012,0.730303030303029,0.505063291139241,0.195597484276730
0.604485488126649,0.337363791518971,0.534787350054526,0.536363636363636,0.302531645569620,0.396855345911950
0.598153034300792,0.447433372718918,0.720392584514722,0.318181818181820,0.363291139240506,0.502515723270440
0.351187335092348,0.339254299593016,0.240130861504907,0.633333333333334,0.646835443037975,0.160377358490566
0.851451187335092,0.412458973349088,0.799563794983642,0.439393939393941,0.201265822784810,0.774213836477987
0.319525065963061,0.294722331626625,0.185823336968375,0.584848484848485,0.707594936708861,0.140251572327044
0.513720316622691,0.313942497046081,0.354743729552890,0.584848484848485,0.494936708860760,0.255974842767296
0.583377308707124,0.513391098857818,0.677317339149400,0.463636363636364,0.262025316455696,0.527672955974843
0.450395778364116,0.210594722331627,0.234678298800436,0.560606060606062,0.656962025316456,0.160377358490566
0.507387862796834,0.315307863988447,0.666848418756816,0.366666666666665,0.383544303797468,0.386792452830189
0.653034300791557,0.436825521859000,0.761068702290076,0.390909090909092,0.353164556962025,0.562893081761006
0.653034300791557,0.538282788499409,0.818865866957470,0.463636363636364,0.231645569620253,0.653459119496855
0.564379947229551,0.176565576998818,0.454743729552890,0.487878787878787,0.231645569620253,0.311320754716981
0.435620052770449,0.301024025206774,0.183751363140676,0.463636363636364,0.484810126582279,0.195597484276730
0.777572559366755,0.516331889195221,0.861068702290076,0.245454545454544,0.241772151898734,0.809433962264151
0.680474934036939,0.479887094656689,0.863249727371865,0.366666666666665,0.170886075949367,0.744025157232704
0.769129287598945,0.392398582118945,0.673282442748092,0.390909090909092,0.272151898734177,0.598113207547170
0.840897097625330,0.401956150715505,0.795201744820066,0.342424242424243,0.221518987341772,0.744025157232704
0.581266490765172,0.257437311277406,0.484296619411123,0.463636363636364,0.353164556962025,0.326415094339623
0.657255936675462,0.439766312196403,0.547110141766630,0.366666666666665,0.413924050632911,0.457232704402516
0.562269129287599,0.318248654325850,0.640676117775354,0.390909090909092,0.302531645569620,0.432075471698113
0.279419525065963,0.342615202835762,0.345038167938931,0.657575757575757,0.616455696202532,0.165408805031447
0.505277044854881,0.291886569515557,0.768920392584515,0.318181818181820,0.322784810126582,0.437106918238994
0.410290237467018,0.281803859787318,0.465866957470011,0.633333333333334,0.474683544303797,0.230817610062893
0.414511873350924,0.268465275042668,0.406543075245365,0.536363636363636,0.454430379746835,0.230817610062893
0.425065963060686,0.341669948798740,0.626172300981461,0.584848484848485,0.434177215189873,0.316352201257862
0.722691292875989,0.493330707627675,0.723336968375136,0.439393939393941,0.272151898734177,0.643396226415094
0.640369393139842,0.311001706708678,0.594656488549619,0.390909090909092,0.282278481012658,0.457232704402516
0.207651715039578,0.245043980569778,0.152453653217012,0.609090909090908,0.839240506329114,0.105031446540881
0.834564643799472,0.432519364579231,0.794438386041440,0.293939393939393,0.120253164556962,0.814465408805031
0.509498680738786,0.422541683077327,0.740458015267176,0.366666666666665,0.413924050632911,0.437106918238994
0.376517150395778,0.222042799002232,0.285496183206107,0.681818181818184,0.616455696202532,0.155345911949686
0.707915567282322,0.413929368517789,0.838167938931298,0.342424242424243,0.130379746835443,0.713836477987421
0.697361477572559,0.206288565051858,0.626499454743730,0.366666666666665,0.221518987341772,0.472327044025157
0.771240105540897,0.436405408953656,0.880370774263904,0.318181818181820,0.241772151898734,0.764150943396226
0.610817941952507,0.291886569515557,0.486804798255180,0.512121212121213,0.292405063291139,0.361635220125786
0.273087071240106,0.301024025206774,0.160196292257361,0.487878787878787,0.788607594936709,0.115094339622642
0.579155672823219,0.297137980832349,0.527917121046892,0.463636363636364,0.403797468354430,0.346540880503145
0.653034300791557,0.419180779834581,0.824863685932388,0.318181818181820,0.322784810126582,0.603144654088050
0.737467018469657,0.552146514375739,0.850599781897492,0.293939393939393,0.120253164556962,0.844654088050314
0.553825857519789,0.311001706708678,0.481352235550709,0.536363636363636,0.464556962025316,0.301257861635220
0.477836411609499,0.384731521596429,0.245583424209378,0.487878787878787,0.525316455696203,0.220754716981132
0.684696569920844,0.502888276224235,0.859432933478735,0.366666666666665,0.272151898734177,0.698742138364780
0.655145118733509,0.317198372062492,0.848854961832061,0.366666666666665,0.272151898734177,0.598113207547170
0.724802110817942,0.471799921228830,0.878953107960742,0.366666666666665,0.191139240506329,0.779245283018868
0.678364116094987,0.494801102796377,0.699345692475464,0.366666666666665,0.302531645569620,0.562893081761006
0.824010554089710,0.444492582381515,0.751799345692476,0.366666666666665,0.211392405063291,0.749056603773585
0.731134564643800,0.430208743599842,0.835768811341330,0.342424242424243,0.160759493670886,0.744025157232704
0.380738786279683,0.184757778653013,0.410687022900763,0.657575757575757,0.494936708860760,0.205660377358491
0.743799472295515,0.457936195352501,0.878844056706652,0.366666666666665,0.201265822784810,0.769182389937107
0.722691292875989,0.333057634239202,0.543402399127590,0.366666666666665,0.201265822784810,0.512578616352201
0.458839050131926,0.266574766968623,0.496619411123228,0.512121212121213,0.434177215189873,0.271069182389937
0.427176781002639,0.414874622554812,0.221701199563795,0.463636363636364,0.808860759493671,0.150314465408805
0.714248021108180,0.410043324143364,0.788440567066521,0.342424242424243,0.251898734177215,0.648427672955975
0.416622691292876,0.275187081528161,0.453980370774264,0.487878787878787,0.444303797468354,0.240880503144654
0.469393139841689,0.518642510174609,0.435877862595420,0.439393939393941,0.413924050632911,0.336477987421384
0.509498680738786,0.305330182486543,0.592693565976009,0.366666666666665,0.586075949367089,0.306289308176101
0.541160949868074,0.363620848102928,0.563576881134133,0.463636363636364,0.181012658227848,0.432075471698113
0.579155672823219,0.466968622817382,0.821374045801527,0.390909090909092,0.262025316455696,0.577987421383648
0.710026385224274,0.407207562032296,0.538058887677208,0.366666666666665,0.403797468354430,0.477358490566038
0.815567282321900,0.374228698962846,0.665648854961832,0.293939393939393,0.170886075949367,0.673584905660377
0.577044854881267,0.385676775633451,0.556924754634678,0.293939393939393,0.332911392405063,0.401886792452830
0.783905013192612,0.507719574635683,0.849073064340240,0.366666666666665,0.201265822784810,0.819496855345912
0.368073878627968,0.298608376001050,0.557470010905125,0.609090909090908,0.282278481012658,0.291194968553459
0.598153034300792,0.357949323880793,0.575572519083970,0.390909090909092,0.332911392405063,0.422012578616352
0.672031662269129,0.281803859787318,0.607088331515812,0.390909090909092,0.282278481012658,0.462264150943396
0.610817941952507,0.353118025469345,0.523118865866958,0.390909090909092,0.353164556962025,0.391823899371069
0.412401055408971,0.390403045818564,0.481134133042530,0.512121212121213,0.596202531645570,0.245911949685535
0.283641160949868,0.228764605487725,0.340785169029444,0.633333333333334,0.535443037974684,0.165408805031447
0.669920844327177,0.592372325062361,0.883206106870229,0.415151515151515,0.282278481012658,0.733962264150943
0.490501319261214,0.267940133910989,0.391384950926936,0.512121212121213,0.525316455696203,0.235849056603774
0.330079155672823,0.555087304713142,0.294874591057797,0.439393939393941,0.515189873417721,0.235849056603774
0.458839050131926,0.369922541683077,0.599018538713195,0.366666666666665,0.505063291139241,0.316352201257862
0.494722955145119,0.354588420638047,0.665757906215921,0.390909090909092,0.383544303797468,0.381761006289308
0.684696569920844,0.466023368780360,0.871973827699019,0.342424242424243,0.251898734177215,0.693710691823899
0.395514511873351,0.400485755546803,0.416357688113413,0.512121212121213,0.484810126582279,0.245911949685535
0.602374670184697,0.335893396350269,0.692802617230098,0.439393939393941,0.322784810126582,0.472327044025157
0.836675461741425,0.400065642641460,0.635659760087241,0.342424242424243,0.241772151898734,0.688679245283019
0.433509234828496,0.413929368517789,0.617448200654308,0.342424242424243,0.332911392405063,0.351572327044025
0.372295514511873,0.283799396087699,0.441657579062159,0.463636363636364,0.596202531645570,0.210691823899371
0.315303430079156,0.264579230668242,0.412213740458015,0.730303030303029,0.474683544303797,0.190566037735849
0.589709762532982,0.310581593803335,0.484950926935660,0.439393939393941,0.353164556962025,0.361635220125786
0.710026385224274,0.486188788236839,0.704471101417666,0.366666666666665,0.160759493670886,0.688679245283019
0.627704485488127,0.426322699225417,0.845256270447110,0.439393939393941,0.322784810126582,0.603144654088050
0.739577836411610,0.483773139031115,0.870338058887677,0.293939393939393,0.272151898734177,0.744025157232704
0.471503957783641,0.446908231587239,0.664667393675027,0.463636363636364,0.444303797468354,0.381761006289308
0.226649076517150,0.385151634501772,0.174700109051254,0.657575757575757,0.798734177215190,0.125157232704403
0.707915567282322,0.570841538663516,0.872300981461287,0.463636363636364,0.211392405063291,0.784276729559748
0.325857519788918,0.286635158198766,0.175354416575791,0.754545454545456,0.818987341772152,0.115094339622642
0.553825857519789,0.603820401732966,0.804362050163577,0.463636363636364,0.292405063291139,0.598113207547170
0.539050131926122,0.286635158198766,0.491275899672846,0.512121212121213,0.515189873417721,0.291194968553459
0.625593667546174,0.290941315478535,0.803053435114504,0.560606060606062,0.282278481012658,0.522641509433962
0.705804749340369,0.487134042273861,0.875681570338059,0.463636363636364,0.231645569620253,0.728930817610063
0.752242744063324,0.540173296573454,0.801962922573610,0.390909090909092,0.170886075949367,0.789308176100629
0.473614775725594,0.420126033871603,0.565539803707743,0.536363636363636,0.424050632911392,0.351572327044025
0.574934036939314,0.261218327425496,0.553544165757906,0.439393939393941,0.150632911392405,0.411949685534591
0.456728232189974,0.231600367598792,0.374918211559433,0.584848484848485,0.545569620253165,0.205660377358491
0.448284960422164,0.253656295129316,0.275572519083970,0.439393939393941,0.484810126582279,0.215723270440252
0.868337730870712,0.372233162662466,0.754634678298800,0.342424242424243,0.231645569620253,0.718867924528302
0.239313984168865,0.404791912826572,0.192911668484188,0.657575757575757,0.383544303797468,0.195597484276730
0.646701846965699,0.363620848102928,0.742966194111232,0.439393939393941,0.302531645569620,0.537735849056604
0.228759894459103,0.216266246553761,0.141330425299891,0.778787878787879,0.879746835443038,0.100000000000000
0.228759894459103,0.597098595247473,0.491384950926936,0.463636363636364,0.302531645569620,0.291194968553459
0.448284960422164,0.178035972167520,0.400109051254089,0.584848484848485,0.211392405063291,0.266037735849057
0.342744063324538,0.227294210319023,0.332606324972737,0.681818181818184,0.586075949367089,0.175471698113208
0.450395778364116,0.254601549166338,0.614830970556161,0.681818181818184,0.282278481012658,0.326415094339623
0.663588390501319,0.330641985033478,0.739476553980371,0.366666666666665,0.312658227848101,0.522641509433962
0.585488126649077,0.473690429302875,0.503925845147219,0.439393939393941,0.424050632911392,0.386792452830189
0.672031662269129,0.578508599186031,0.885387131952017,0.415151515151515,0.332911392405063,0.708805031446541
0.764907651715040,0.401956150715505,0.854089422028353,0.293939393939393,0.262025316455696,0.718867924528302
0.501055408970976,0.471274780097151,0.805779716466739,0.536363636363636,0.322784810126582,0.492452830188679
0.589709762532982,0.436825521859000,0.807415485278081,0.342424242424243,0.262025316455696,0.567924528301887
0.273087071240106,0.138335302612577,0.171428571428571,0.512121212121213,0.839240506329114,0.105031446540881
0.589709762532982,0.238322174084285,0.559760087241003,0.584848484848485,0.140506329113924,0.411949685534591
0.235092348284960,0.282329000918997,0.357688113413304,0.633333333333334,0.434177215189873,0.185534591194969
0.741688654353562,0.617264014703952,0.864449291166849,0.366666666666665,0.282278481012658,0.799371069182390
0.705804749340369,0.427793094394118,0.764231188658670,0.390909090909092,0.292405063291139,0.613207547169811
0.771240105540897,0.434514900879611,0.800981461286805,0.390909090909092,0.221518987341772,0.723899371069182
0.342744063324538,0.459301562294867,0.531952017448201,0.366666666666665,0.434177215189873,0.276100628930818
0.577044854881267,0.456465800183799,0.731515812431843,0.415151515151515,0.434177215189873,0.472327044025157
0.625593667546174,0.311001706708678,0.512868047982552,0.439393939393941,0.332911392405063,0.391823899371069
0.488390501319261,0.268465275042668,0.594329334787350,0.681818181818184,0.231645569620253,0.356603773584906
0.452506596306069,0.415294735460155,0.206324972737187,0.390909090909092,0.758227848101266,0.180503144654088
0.230870712401055,0.255966916108704,0.260741548527808,0.657575757575757,0.727848101265823,0.125157232704403
0.270976253298153,0.266574766968623,0.343838604143948,0.706060606060607,0.535443037974684,0.165408805031447
0.853562005277045,0.480832348693711,0.804689203925845,0.342424242424243,0.241772151898734,0.799371069182390
0.686807387862797,0.493750820533018,0.885278080697928,0.342424242424243,0.231645569620253,0.728930817610063
0.370184696569921,0.206708677957201,0.218320610687023,0.536363636363636,0.717721518987342,0.130188679245283
0.465171503957784,0.339254299593016,0.397055616139586,0.536363636363636,0.373417721518987,0.266037735849057
0.676253298153034,0.274661940396482,0.594438386041440,0.269696969696971,0.343037974683544,0.442138364779874
0.439841688654354,0.239792569252987,0.236205016357688,0.560606060606062,0.697468354430380,0.155345911949686
0.486279683377309,0.266574766968623,0.476226826608506,0.536363636363636,0.343037974683544,0.296226415094340
0.439841688654354,0.248824996717868,0.412758996728463,0.512121212121213,0.322784810126582,0.255974842767296
0.479947229551451,0.228239464356046,0.410905125408942,0.536363636363636,0.474683544303797,0.240880503144654
0.771240105540897,0.411933832217409,0.796837513631407,0.390909090909092,0.251898734177215,0.698742138364780
0.638258575197889,0.376119207036891,0.752998909487459,0.415151515151515,0.201265822784810,0.572955974842767
0.397625329815304,0.328226335827754,0.484296619411123,0.584848484848485,0.444303797468354,0.255974842767296
0.275197889182058,0.284219508993042,0.347437295528899,0.803030303030305,0.586075949367089,0.160377358490566
0.832453825857520,0.392818695024288,0.796292257360960,0.293939393939393,0.231645569620253,0.738993710691824
0.532717678100264,0.243573585401077,0.404143947655398,0.560606060606062,0.454430379746835,0.266037735849057
0.403957783641161,0.537337534462387,0.372737186477645,0.463636363636364,0.606329113924051,0.245911949685535
0.311081794195251,0.303859787317842,0.148745910577972,0.390909090909092,0.839240506329114,0.110062893081761
0.315303430079156,0.293777077589602,0.236859323882225,0.463636363636364,0.727848101265823,0.135220125786164
0.862005277044855,0.370342654588421,0.831733914940022,0.342424242424243,0.241772151898734,0.774213836477987
0.598153034300792,0.457411054220822,0.883315158124318,0.439393939393941,0.262025316455696,0.623270440251572
0.775461741424802,0.353643166601024,0.589749182115594,0.415151515151515,0.201265822784810,0.593081761006289
0.579155672823219,0.211960089273992,0.507524536532170,0.415151515151515,0.312658227848101,0.341509433962264
0.733245382585752,0.369397400551398,0.716357688113413,0.366666666666665,0.191139240506329,0.633333333333333
0.678364116094987,0.285164763030064,0.602071973827699,0.318181818181820,0.454430379746835,0.406918238993711
0.294195250659631,0.833937245634764,0.489203925845147,0.463636363636364,0.343037974683544,0.356603773584906
0.691029023746702,0.475160824471577,0.824536532170120,0.318181818181820,0.211392405063291,0.703773584905660
0.494722955145119,0.352697912564002,0.235223555070883,0.560606060606062,0.586075949367089,0.205660377358491
0.716358839050132,0.290941315478535,0.575354416575791,0.390909090909092,0.251898734177215,0.482389937106918
0.351187335092348,0.321084416436917,0.517884405670665,0.560606060606062,0.403797468354430,0.255974842767296
0.344854881266491,0.510975449652094,0.452453653217012,0.439393939393941,0.434177215189873,0.266037735849057
0.667810026385224,0.455520546146777,0.839585605234460,0.342424242424243,0.211392405063291,0.683647798742138
0.100000000000000,0.230129972430091,0.319520174482007,0.657575757575757,0.515189873417721,0.145283018867925
0.334300791556728,0.392398582118945,0.159432933478735,0.390909090909092,0.839240506329114,0.125157232704403
0.754353562005277,0.482302743862413,0.806870229007634,0.318181818181820,0.241772151898734,0.723899371069182
0.686807387862797,0.389457791781541,0.735986913849509,0.342424242424243,0.363291139240506,0.547798742138365
0.359630606860158,0.276552448470527,0.330316248636859,0.609090909090908,0.525316455696203,0.175471698113208
0.621372031662269,0.414874622554812,0.570229007633588,0.463636363636364,0.434177215189873,0.416981132075472
0.602374670184697,0.302914533280819,0.645147219193021,0.439393939393941,0.413924050632911,0.411949685534591
0.638258575197889,0.229709859524747,0.571210468920393,0.366666666666665,0.353164556962025,0.391823899371069
0.591820580474934,0.451214388867008,0.353544165757906,0.439393939393941,0.181012658227848,0.416981132075472
0.456728232189974,0.217211500590784,0.273936750272628,0.560606060606062,0.535443037974684,0.195597484276730
0.300527704485488,0.251660758828935,0.251690294438386,0.609090909090908,0.667088607594937,0.145283018867925